<?xml version="1.0" encoding="UTF-8" standalone="yes"?>
<opcode-project name="msx-bin-opcode" id="04C0DE" version="0.1">
    <copyright>OpCode IDE - Objectware Br - www.objectware.net</copyright>
    <target-platform>MSX_PLATFORM</target-platform>
    <build-options>src/main.asm build/main.bin -symbols</build-options>
    <build-sequence>ONLY_EMBEDDED</build-sequence>
    <description>
        Copyright Objectware Br 2015
        Luciano M. Christofoletti
        luciano@objectware.net
    </description>
    <creation-date>1983-06-27 23:58:00</creation-date>
    <last-update>2009-12-04 10:23:59</last-update>
</opcode-project>
